﻿pos_x,pos_y,rotation,side,designator,mpn,pack,value,mount_type,place
5.08,-28.48,-90.0,top,C1,,CP_Radial_D5.0mm_P2.00mm,33µ,tht,True
15.24,-38.1,-90.0,top,C2,,C_Disc_D5.0mm_W2.5mm_P2.50mm,100n,tht,True
7.62,-45.76,-90.0,top,C3,,C_Disc_D5.0mm_W2.5mm_P2.50mm,100n,tht,True
45.72,-25.4,90.0,top,C_fb_1,,C_Disc_D5.0mm_W2.5mm_P5.00mm,100p,tht,True
25.4,-48.26,-90.0,top,C_fb_2,,C_Disc_D5.0mm_W2.5mm_P5.00mm,100p,tht,True
27.94,-25.4,90.0,top,C_fb_3,,C_Disc_D5.0mm_W2.5mm_P5.00mm,100p,tht,True
30.48,-67.31,90.0,top,DIFF_POWER1,,SIP-8_19x3mm_P2.54mm,DPAN02E,tht,True
5.08,-68.58,0.0,top,H1,,MountingHole_3.2mm_M3_DIN965,MountingHole,tht,True
48.26,-68.58,0.0,top,H2,,MountingHole_3.2mm_M3_DIN965,MountingHole,tht,True
48.26,-5.08,0.0,top,H3,,MountingHole_3.2mm_M3_DIN965,MountingHole,tht,True
5.08,-5.08,0.0,top,H4,,MountingHole_3.2mm_M3_DIN965,MountingHole,tht,True
10.16,-40.64,90.0,top,R1,,R_Axial_DIN0207_L6.3mm_D2.5mm_P10.16mm_Horizontal,10k,tht,True
10.16,-27.94,90.0,top,R2,,R_Axial_DIN0207_L6.3mm_D2.5mm_P10.16mm_Horizontal,10k,tht,True
40.64,-27.94,90.0,top,R_fb_1,,R_Axial_DIN0207_L6.3mm_D2.5mm_P10.16mm_Horizontal,10k,tht,True
20.32,-45.72,-90.0,top,R_fb_2,,R_Axial_DIN0207_L6.3mm_D2.5mm_P10.16mm_Horizontal,10k,tht,True
22.86,-27.94,90.0,top,R_fb_3,,R_Axial_DIN0207_L6.3mm_D2.5mm_P10.16mm_Horizontal,10k,tht,True
35.56,-17.78,-90.0,top,R_in_1,,R_Axial_DIN0207_L6.3mm_D2.5mm_P10.16mm_Horizontal,10k,tht,True
15.24,-55.88,90.0,top,R_in_2,,R_Axial_DIN0207_L6.3mm_D2.5mm_P10.16mm_Horizontal,10k,tht,True
17.78,-17.78,-90.0,top,R_in_3,,R_Axial_DIN0207_L6.3mm_D2.5mm_P10.16mm_Horizontal,10k,tht,True
20.315,-40.64,90.0,top,U1,,DIP-14_W7.62mm,TS974IP,tht,True
40.64,-5.08,180.0,top,amp_1,,TerminalBlock_MetzConnect_Type101_RT01603HBWC_1x03_P5.08mm_Horizontal,Screw_Terminal_01x03,tht,True
22.86,-68.58,180.0,top,amp_2,,TerminalBlock_MetzConnect_Type101_RT01603HBWC_1x03_P5.08mm_Horizontal,Screw_Terminal_01x03,tht,True
22.86,-5.08,180.0,top,amp_3,,TerminalBlock_MetzConnect_Type101_RT01603HBWC_1x03_P5.08mm_Horizontal,Screw_Terminal_01x03,tht,True
48.26,-33.02,-90.0,top,power_in1,,TerminalBlock_MetzConnect_Type101_RT01602HBWC_1x02_P5.08mm_Horizontal,Screw_Terminal_01x02,tht,True
48.26,-48.26,-90.0,top,power_out1,,TerminalBlock_MetzConnect_Type101_RT01603HBWC_1x03_P5.08mm_Horizontal,Screw_Terminal_01x03,tht,True
