﻿designator,quantity,value,pack,mpn,mount_type
C1,1,33µ,CP_Radial_D5.0mm_P2.00mm,,tht
"C2, C3",2,100n,C_Disc_D5.0mm_W2.5mm_P2.50mm,,tht
"C_fb_1, C_fb_2, C_fb_3",3,100p,C_Disc_D5.0mm_W2.5mm_P5.00mm,,tht
DIFF_POWER1,1,DPAN02E,SIP-8_19x3mm_P2.54mm,,tht
"H1, H2, H3, H4",4,MountingHole,MountingHole_3.2mm_M3_DIN965,,tht
"R1, R2, R_fb_1, R_fb_2, R_fb_3, R_in_1, R_in_2, R_in_3",8,10k,R_Axial_DIN0207_L6.3mm_D2.5mm_P10.16mm_Horizontal,,tht
U1,1,TS974IP,DIP-14_W7.62mm,,tht
"amp_1, amp_2, amp_3, power_out1",4,Screw_Terminal_01x03,TerminalBlock_MetzConnect_Type101_RT01603HBWC_1x03_P5.08mm_Horizontal,,tht
power_in1,1,Screw_Terminal_01x02,TerminalBlock_MetzConnect_Type101_RT01602HBWC_1x02_P5.08mm_Horizontal,,tht
