﻿pos_x,pos_y,rotation,side,designator,mpn,pack,value,mount_type,place
27.78,-15.4,-90.0,top,C3,,C_Disc_D7.5mm_W2.5mm_P5.00mm,100n,tht,True
5.08,-5.08,0.0,top,H1,,MountingHole_3.2mm_M3_DIN965,MountingHole,tht,True
5.08,-30.48,0.0,top,H2,,MountingHole_3.2mm_M3_DIN965,MountingHole,tht,True
38.1,-30.48,0.0,top,H3,,MountingHole_3.2mm_M3_DIN965,MountingHole,tht,True
38.1,-5.08,0.0,top,H4,,MountingHole_3.2mm_M3_DIN965,MountingHole,tht,True
5.08,-12.86,-90.0,top,J1,,TerminalBlock_MetzConnect_Type101_RT01603HBWC_1x03_P5.08mm_Horizontal,Signal,tht,True
38.1,-23.02,90.0,top,J2,,TerminalBlock_MetzConnect_Type101_RT01603HBWC_1x03_P5.08mm_Horizontal,Screw_Terminal_01x03,tht,True
16.35,-10.32,0.0,top,R_gain1,,R_Axial_DIN0207_L6.3mm_D2.5mm_P7.62mm_Horizontal,1k,tht,True
16.335,-14.14,0.0,top,U2,,DIP-8_W7.62mm_LongPads,AD620AN,tht,True
