﻿pos_x,pos_y,rotation,side,designator,mpn,pack,value,mount_type,place
27.94,-22.94,-90.0,top,C3,,C_Disc_D7.5mm_W2.5mm_P5.00mm,100n,tht,True
17.94,-7.62,0.0,top,C_feedback1,,C_Rect_L13.0mm_W6.0mm_P10.00mm_FKS3_FKP3_MKS4,0.1nF,tht,True
5.08,-5.08,0.0,top,H1,,MountingHole_3.2mm_M3_DIN965,MountingHole,tht,True
5.08,-30.48,0.0,top,H2,,MountingHole_3.2mm_M3_DIN965,MountingHole,tht,True
38.1,-30.48,0.0,top,H3,,MountingHole_3.2mm_M3_DIN965,MountingHole,tht,True
38.1,-5.08,0.0,top,H4,,MountingHole_3.2mm_M3_DIN965,MountingHole,tht,True
5.08,-22.86,90.0,top,J1,,TerminalBlock_MetzConnect_Type101_RT01603HBWC_1x03_P5.08mm_Horizontal,Signal,tht,True
38.1,-20.32,90.0,top,J2,,TerminalBlock_MetzConnect_Type101_RT01602HBWC_1x02_P5.08mm_Horizontal,Screw_Terminal_01x02,tht,True
17.7,-15.24,0.0,top,R_feedback1,,R_Axial_DIN0207_L6.3mm_D2.5mm_P10.16mm_Horizontal,10M,tht,True
16.495,-29.225,90.0,top,U1,,DIP-8_W7.62mm_LongPads,LMC6001AIN,tht,True
