﻿designator,quantity,value,pack,mpn,mount_type
C3,1,100n,C_Disc_D7.5mm_W2.5mm_P5.00mm,,tht
C_feedback1,1,0.1nF,C_Rect_L13.0mm_W6.0mm_P10.00mm_FKS3_FKP3_MKS4,,tht
"H1, H2, H3, H4",4,MountingHole,MountingHole_3.2mm_M3_DIN965,,tht
J1,1,Signal,TerminalBlock_MetzConnect_Type101_RT01603HBWC_1x03_P5.08mm_Horizontal,,tht
J2,1,Screw_Terminal_01x02,TerminalBlock_MetzConnect_Type101_RT01602HBWC_1x02_P5.08mm_Horizontal,,tht
R_feedback1,1,10M,R_Axial_DIN0207_L6.3mm_D2.5mm_P10.16mm_Horizontal,,tht
U1,1,LMC6001AIN,DIP-8_W7.62mm_LongPads,,tht
