﻿designator,quantity,value,pack,mpn,mount_type
"D1, D2",2,D,D_DO-41_SOD81_P10.16mm_Horizontal,,tht
"D3, D4, D5, D6",4,D_Zener,D_DO-41_SOD81_P10.16mm_Horizontal,,tht
"H1, H2, H3, H4",4,MountingHole,MountingHole_3.2mm_M3_DIN965,,tht
J1,1,Screw_Terminal_01x02,TerminalBlock_MetzConnect_Type101_RT01602HBWC_1x02_P5.08mm_Horizontal,,tht
J2,1,Screw_Terminal_01x04,TerminalBlock_MetzConnect_Type101_RT01604HBWC_1x04_P5.08mm_Horizontal,,tht
"R_in_A1, R_in_B1",2,1000,R_Axial_DIN0207_L6.3mm_D2.5mm_P10.16mm_Horizontal,,tht
