﻿pos_x,pos_y,rotation,side,designator,mpn,pack,value,mount_type,place
12.7,-12.7,-90.0,top,D1,,D_DO-41_SOD81_P10.16mm_Horizontal,D,tht,True
17.78,-22.86,90.0,top,D2,,D_DO-41_SOD81_P10.16mm_Horizontal,D,tht,True
25.4,-5.08,-90.0,top,D3,,D_DO-41_SOD81_P10.16mm_Horizontal,D_Zener,tht,True
25.4,-20.32,-90.0,top,D4,,D_DO-41_SOD81_P10.16mm_Horizontal,D_Zener,tht,True
30.48,-5.08,-90.0,top,D5,,D_DO-41_SOD81_P10.16mm_Horizontal,D_Zener,tht,True
30.48,-20.32,-90.0,top,D6,,D_DO-41_SOD81_P10.16mm_Horizontal,D_Zener,tht,True
5.08,-5.08,0.0,top,H1,,MountingHole_3.2mm_M3_DIN965,MountingHole,tht,True
38.1,-5.08,0.0,top,H2,,MountingHole_3.2mm_M3_DIN965,MountingHole,tht,True
38.1,-30.48,0.0,top,H3,,MountingHole_3.2mm_M3_DIN965,MountingHole,tht,True
5.08,-30.48,0.0,top,H4,,MountingHole_3.2mm_M3_DIN965,MountingHole,tht,True
5.08,-20.32,90.0,top,J1,,TerminalBlock_MetzConnect_Type101_RT01602HBWC_1x02_P5.08mm_Horizontal,Screw_Terminal_01x02,tht,True
45.72,-10.16,-90.0,top,J2,,TerminalBlock_MetzConnect_Type101_RT01604HBWC_1x04_P5.08mm_Horizontal,Screw_Terminal_01x04,tht,True
10.16,-5.08,0.0,top,R_in_A1,,R_Axial_DIN0207_L6.3mm_D2.5mm_P10.16mm_Horizontal,1000,tht,True
10.16,-30.48,0.0,top,R_in_B1,,R_Axial_DIN0207_L6.3mm_D2.5mm_P10.16mm_Horizontal,1000,tht,True
